{"test_accuracy": 0.4682080924855491, "test_recall": 0.4789349330878566}