{"test_accuracy": 0.44508670520231214, "test_recall": 0.461034333837932}