{"test_accuracy": 0.4393063583815029, "test_recall": 0.4589499290548765}